 {"pileup_values":[0,1,2,3,4,5,6,7,8,9,10,11,12,13,14,15,16,17,18,19,20,21,22,23,24,25,26,27,28,29,30,31,32,33,34,35,36,37,38,39,40,41,42,43,44,45,46,47,48,49,50,51,52,53,54,55,56,57,58,59,60,61,62,63,64,65,66,67,68,69,70,71,72,73,74,75,76,77,78,79,80,81,82,83,84,85,86,87,88,89,90,91,92,93,94,95,96,97,98,99,100],"fraction":[7.328266968680733e-15,9.744305963895028e-14,7.785112055076013e-13,4.653991197515565e-12,2.2774381217601184e-11,9.573406524361118e-11,3.561972333142033e-10,1.197159009436296e-9,3.688299210006478e-9,1.0532304889088966e-8,2.811877337174188e-8,7.067262822593557e-8,1.681698972929273e-7,3.8065938097954474e-7,8.229020865340381e-7,0.0000017047698371308593,0.000003394471631663492,0.000006513103958898092,0.00001206980155946239,0.000021646321862225402,0.000037637593035799334,0.00006355001358826987,0.00010435174900750868,0.00016685896035162774,0.0002601294049765444,0.00039582139975176286,0.0005884635916163034,0.0008555716763848075,0.0012175446630553113,0.0016972777842013064,0.0023194432862246117,0.00310941452952341,0.0040918420465090605,0.005288929810191688,0.006718501874292468,0.008391988644052084,0.010312492833138395,0.012473112579295335,0.014855699376999909,0.017430209497796455,0.02015476981642176,0.02297652530595791,0.025833270962906888,0.028655802223888516,0.031370852441568134,0.03390443089004979,0.03618533611778147,0.038148601399647084,0.03973863330500911,0.0409118301934408,0.041638511619510266,0.041904047149048725,0.04170913776965438,0.041069268350144184,0.040013409303362286,0.03858209463321937,0.03682503832984173,0.03479846981170816,0.032562371764016725,0.030177791815140673,0.027704375762702876,0.025198238006212834,0.022710248261537138,0.020284776192555018,0.017958900490364353,0.01576205864098543,0.013716089794194234,0.01183560657711714,0.010128622414770704,0.008597358325604508,0.007239156201615203,0.006047432943346378,0.005012620092574292,0.004123045436656518,0.0033657252583148742,0.00272704751399737,0.0021933365459789124,0.0017512985319497634,0.0013883535509589095,0.0010928648916483123,0.0008542791906200962,0.000663192406746684,0.0005113568058205896,0.0003916433592236547,0.00029797254685347805,0.00022522476164642778,0.00016913955908192418,0.00012621104919149795,0.00009358491166744736,0.00006896090393133238,0.000050503368074528546,0.00003676113719209735,0.000026597385548588775,0.00001912933706318847,0.000013677311672897817,0.000009722314920111238,0.000006871228586430565,0.000004828607941884769,0.0000033741067667729004,0.000002344611902355263,0.0000016202565307842592]}