 {"pileup_values":[0,1,2,3,4,5,6,7,8,9,10,11,12,13,14,15,16,17,18,19,20,21,22,23,24,25,26,27,28,29,30,31,32,33,34,35,36,37,38,39,40,41,42,43,44,45,46,47,48,49,50,51,52,53,54,55,56,57,58,59,60,61,62,63,64,65,66,67,68,69,70,71,72,73,74,75,76,77,78,79,80,81,82,83,84,85,86,87,88,89,90,91,92,93,94,95,96,97,98,99,100],"fraction":[5.2541842959585976e-17,1.9380625724437172e-16,6.97221069422444e-16,2.446320902543877e-15,8.371370534340435e-15,2.7939582976650287e-14,9.094597631664422e-14,2.8872691793341467e-13,8.939871488265551e-13,2.6996999106202953e-12,7.951332670288292e-12,2.2840445540375927e-11,6.398960569634798e-11,1.7484552131977915e-10,4.659505256691033e-10,1.2110590383077194e-9,3.069948145639736e-9,7.58991618499077e-9,1.8301350378563772e-8,4.3039726880395145e-8,9.871794208576297e-8,2.2083245235694741e-7,4.818034581809261e-7,0.0000010252201794713783,0.000002127671588296956,0.000004306577412404575,0.000008501589626306353,0.00001636847549356527,0.000030736650783334494,0.000056291791279622934,0.00010054808648269136,0.00017516315813819169,0.00029761302835780315,0.0004931753105950216,0.0007970598441904523,0.001256379231284133,0.0019314825229527933,0.0028960165032123515,0.004234981304814369,0.006040072868529297,0.008401814217391957,0.011398407668211676,0.015081881098523502,0.019462877763447205,0.024496205292172994,0.03006981709362957,0.036000039335482965,0.04203541889639266,0.04787050395111742,0.053169286795649785,0.05759620722381771,0.060850920441603784,0.06270189025270308,0.06301360565332081,0.061762980190587916,0.059042178249299124,0.05504738783437652,0.05005543896457544,0.04439213667028784,0.03839733111733248,0.032391886680830546,0.02665088684971149,0.021385888681658725,0.01673721341539263,0.01277553868138486,0.00951076616594957,0.006905450277610268,0.004889998392202534,0.0033772689378167653,0.002274902512827428,0.0014945145608905384,0.0009575858641596909,0.0005984054188411977,0.00036471491513610283,0.00021679624034335096,0.0001256869490093255,0.00007106713983050946,0.00003919112278509002,0.000021078844002551225,0.000011057223531143911,0.000005656992517599588,0.000002822703974608918,0.0000013736790685133644,6.519967668455586e-7,3.0181847403636843e-7,1.362656560263336e-7,6.000220621806886e-8,2.5768446824733835e-8,1.0793181525696994e-8,4.409110017221411e-9,1.7566797916347923e-9,6.826128987773606e-10,2.5870009679323974e-10,9.562223874809274e-11,3.4471599788082076e-11,1.2120043710367751e-11,4.156111101850566e-12,1.3899856821197089e-12,4.5339186158755184e-13,1.442372153361765e-13,4.475289698627066e-14]}